insert into postachalnik (id_postach, Nazva, Adress, City, Tel, Kontakt_osoba, Posada)
values
(4, 'Полісся продукт', 'вул. Авіаційна 12', 'Озерне', '0734447239', 'Коваль М.В.', 'Керівник'),
(5, 'Сонячний врожай', 'вул. Лесі Українки 34', 'Житомир', '0671234567', 'Петренко О.І.', 'Менеджер'),
(6, 'Свіжий хліб', 'вул. Володимирська 21', 'Бердичів', '0509876543', 'Іваненко В.В.', 'Директор'),
(7, 'Зелена долина', 'вул. Центральна 5', 'Малин', '0931122334', 'Сидоренко Л.М.', 'Адміністратор'),
(8, 'Фермерський ринок', 'вул. Київська 10', 'Радомишль', '0689988776', 'Кравченко П.Г.', 'Комерційний директор'),
(9, 'Еко продукти', 'вул. Соборна 22', 'Коростень', '0733344556', 'Богданова Н.О.', 'Головний постачальник');
go

insert into klient (id_klient, Nazva, Adress, City, Tel)
values
(4, 'Торговий Дім "Україна"', 'вул. Соборна 7', 'Житомир', '0671122334'),
(5, 'Схід Агро', 'вул. Зелена 12', 'Бердичів', '0505566778'),
(6, 'Розкішний врожай', 'вул. Шевченка 14', 'Малин', '0931122445'),
(7, 'Еко ферм', 'вул. Київська 9', 'Радомишль', '0689988876'),
(8, 'Садівник', 'вул. Грушевського 22', 'Коростень', '0733344667'),
(9, 'Агроексперт', 'вул. Вокзальна 11', 'Житомир', '0672233445');
go

insert into sotrudnik (id_sotrud, Fname, Name, Lname, Posada, Adress, City, Home_tel)
values
(4, 'Крув', 'Наталія', 'Сергіївна', 'Продавець', 'вул. Бердичівська 67 кв. 20', 'Житомир', '0509998877'), 
(5, 'Іванов', 'Іван', 'Іванович', 'Інженер', 'вул. Київська 12 кв. 5', 'Житомир', '0501234567'), 
(6, 'Петренко', 'Петро', 'Петрович', 'Менеджер', 'вул. Володимирська 45 кв. 3', 'Житомир', '0502345678'), 
(7, 'Сидоренко', 'Сидір', 'Сидорович', 'Аналітик', 'вул. Грушевського 7 кв. 9', 'Житомир', '0503456789'), 
(8, 'Шевченко', 'Тарас', 'Тарасович', 'Керівник', 'вул. Східна 28 кв. 14', 'Житомир', '0504567890'), 
(9, 'Коваленко', 'Олена', 'Олексіївна', 'Бухгалтер', 'вул. Незалежності 52 кв. 11', 'Житомир', '0505678901');
go

set identity_insert tovar on;
insert into tovar (id_tovar, Nazva, Price, NaSklade, id_postav)
values
(11, 'Хліб', 15.00, 30, 1), 
(12, 'Сир', 80.00, 20, 2), 
(13, 'Йогурт', 25.00, 40, 3), 
(14, 'Масло', 60.00, 25, 1), 
(15, 'М’ясо', 150.00, 10, 2), 
(16, 'Риба', 200.00, 8, 3), 
(17, 'Яйця', 35.00, 50, 1), 
(18, 'Сметана', 30.00, 15, 2), 
(19, 'Хлібці', 18.00, 35, 3), 
(20, 'Мед', 120.00, 12, 1);
set identity_insert tovar off;
go

set identity_insert zakaz on;
insert into zakaz (id_zakaz, id_klient, id_sotrud, date_rozm)
values
(10, 1, 1, '2022-05-10 09:15:30.500'), 
(11, 2, 2, '2022-06-12 10:20:40.600'), 
(12, 3, 3, '2022-07-14 11:25:50.700'), 
(13, 1, 2, '2022-08-16 12:30:10.800'), 
(14, 2, 3, '2022-09-18 13:35:20.900'), 
(15, 3, 1, '2022-10-20 14:40:30.100'), 
(16, 1, 3, '2022-11-22 15:45:40.200'), 
(17, 2, 1, '2022-12-24 16:50:50.300'), 
(18, 3, 2, '2023-01-26 17:55:00.400'), 
(19, 1, 2, '2023-02-28 18:00:10.500');
go
set identity_insert zakaz off;

insert into zakaz_tovar (id_zakaz, id_tovar, Kilkist, Znigka)
values
(10, 11, 10, 0), 
(10, 12, 5, 5), 
(11, 13, 8, 2), 
(11, 14, 3, 0), 
(12, 15, 1, 10), 
(12, 16, 2, 5), 
(13, 17, 12, 0), 
(13, 18, 6, 4), 
(14, 19, 4, 1), 
(14, 20, 1, 7), 
(15, 11, 9, 0), 
(15, 12, 7, 3), 
(16, 13, 11, 2), 
(16, 14, 5, 6), 
(17, 15, 2, 0), 
(17, 16, 4, 8), 
(18, 17, 10, 0), 
(18, 18, 3, 7), 
(19, 19, 5, 4), 
(19, 20, 2, 1);